# Geographical regions
# Regions can be declared with one or more of the following fields:
#	duchies = { }, takes duchy title names declared in landed_titles.txt
#	counties = { }, takes county title names declared in landed_titles.txt
#	provinces = { }, takes province id numbers declared in /history/provinces
#	regions = { }, a region can also include other regions, however the subregions needs to be declared before the parent region.
#		E.g. If the region world_europe contains the region world_europe_west then world_europe_west needs to be declared as a region before (i.e. higher up in this file) world_europe.

###########################################################################
# World Regions
#	These groups are mutually exclusive on the same tier
###########################################################################

## AFRICA
# EAST AFRICA
world_africa_east = {
	counties = {
		## k_abyssinia
		# d_afar
		c_asayita
		c_assab
		c_harer
		c_tadjoura

		# d_axum
		c_akordat
		c_aksum
		c_massawa

		# d_damot
		c_asosa
		c_damot

		# d_gondar
		c_begemder
		c_gondar

		# d_gojjam
		c_gojjam
		c_matamma

		# d_harer
		c_berbera
		c_busaso
		c_zeila

		# d_semien
		c_semien
		c_tigrinya

		# d_shewa
		c_ankober
		c_antalo

		# d_wag
		c_lakomelza
		c_wag

		## k_nubia
		# d_hayya
		c_gezira
		c_hayya
		c_kassala
		c_suakin
		c_trinkitat

		# d_nobatia
		c_aydhab
		c_dotawo
		c_nobatia
		c_nubia

		# d_nubia
		c_atbara
		c_makuria
		c_napata

		# d_sennar
		c_alodia
		c_bayuda
		c_darfur
		c_kosti
		c_sennar

		## k_kanem
		# d_wadai
		c_ennedi
		c_fitri
		c_wadai

		## k_yemen
		# d_socotra
		c_socotra
	}
}

# NORTH AFRICA
world_africa_north_nile = { # NEW
	counties = {
		## k_egypt minus Sinai
		# d_alexandria
		c_alexandria
		c_gabiyaha
		c_gizeh
		c_kharibta

		# d_asyut
		c_asyut
		c_kharga
		c_esna

		# d_aswan
		c_aswan
		c_quena
		c_alqusair

		# d_cairo
		c_cairo
		c_sarqihya
		c_akhmim
		c_kolzum

		# d_damietta
		c_delta
		c_pelusia
		c_manupura

		# d_faiyum
		c_faiyum
		c_buhairya
		c_farafra

		# d_paraetonium
		c_paraetonium
		c_al_alamayn
		c_quattara
	}
}

world_africa_north_west = { # NEW
	counties = {
		## k_africa
		# d_cyrenaica
		c_cyrenaica
		c_senoussi
		c_benghazi
		c_tobruk

		# d_jerid
		c_gabes
		c_suf
		c_gafsa

		# d_kabylia
		c_tell_atlas
		c_constantine
		c_bejaija
		c_annaba
		c_biskra
		c_tebessa

		# d_mzab
		c_mzab
		c_ouled_nail
		c_arigh
		c_tuggurt

		# d_syrte
		c_syrte
		c_tadjrift
		c_ajadabiya

		# d_tripolitania
		c_tripolitana
		c_djerba
		c_leptis_magna
		c_nafusa
		c_nalut

		# d_tunis
		c_tunis
		c_medjerda
		c_bizerte
		c_kairwan
		c_mahdia

		## k_kanem
		# d_fezzan
		c_murzuk
		c_zawila
		c_djado

		## k_mauratania
		# d_adrar
		c_ouadane
		c_idjil

		# d_alger
		c_al_djazair
		c_orania
		c_beni_yanni

		# d_fes
		c_fes
		c_meknes
		c_taza
		c_muluja
		c_infa

		# d_marrakech
		c_marrakech
		c_anti-atlas
		c_massat
		c_canarias
		c_tadla
		c_tinmallal

		# d_sijilmasa
		c_sijilmasa
		c_tudgha
		c_ziz
		c_taghaza

		# d_sous
		c_tharasset
		c_ifni
		c_warzazat
		c_draa

		# d_tahert
		c_lemdiyya
		c_atlas_mnt
		c_hanyan
		c_ashir

		# d_tangiers
		c_tangiers
		c_cebta
		c_el_rif

		# d_tlemcen
		c_tlemcen
		c_snassen
		c_figuig
	}
}

world_africa_north = {
	regions = {
		world_africa_north_nile
		world_africa_north_west
	}
}

# WEST AFRICA
world_africa_west = {
	counties = {
		## k_ghana
		# d_ghana
		c_djenne
		c_ghana
		c_mema
		c_soso

		# d_tagant
		c_aoudaghost
		c_tagant

		# d_timbuktu
		c_araouane
		c_oualata
		c_timbuktu

		## k_mali
		# d_bambuk
		c_bambuk
		c_diafunu
		c_kantor

		# d_mali
		c_bure
		c_dodugu
		c_kiri
		c_mali

		# d_yatenga
		c_bobo_dyulasso
		c_wagadougou
		c_yatenga

		## k_songhay
		# d_gurma
		c_dendi
		c_gurma

		# d_songhay
		c_gao
		c_kurumba
		c_songhay
		c_tadmekka
	}
}

# CENTRAL AFRICA
world_africa_central = {
	counties = {
		## k_hausaland
		# d_air
		c_air
		c_fachi

		# d_hausaland
		c_daura
		c_gobir
		c_kano
		c_katsina
		c_zamfara

		# d_kebbi
		c_dyamare
		c_kebbi
		c_tahoua
		c_zarma

		## k_kanem
		# d_bornu
		c_bauchi
		c_bornu
		c_kagha
		c_makari
		c_masseniya
		c_munio

		# d_kanem
		c_djimi
		c_manan
		c_bilma
	}
}

world_africa = {
	regions = {
		world_africa_central
		world_africa_east
		world_africa_north
		world_africa_west
	}
}

## ASIA
# HIMALAYAS
world_himalayas = {
	inclusive = no

	counties = {
		## k_guge
		# d_ladakh
		c_diskit
		c_leh
		c_pangong

		# d_ngari
		c_coqen
		c_gar
		c_gerze
		c_kunlun
		c_rutog
		c_tsakha

		# d_purang
		c_gegyai
		c_kyunglung
		c_purang
		c_tsaparang
		c_zhongba

		## k_kham
		# d_dege
		c_dege
		c_lhatok
		c_markam

		# d_nyingchi
		c_medog
		c_mainling
		c_nyingchi

		# d_qamdo
		c_banbar
		c_bome
		c_qamdo

		## k_kashmir
		# d_kashmir
		c_gilgit
		c_kasmira
		c_skardu

		# d_pamir
		c_pamir
		c_tashkurgan

		# d_uttaranchal
		c_garhwal
		c_kangra
		c_kurmanchal

		## k_nepal
		# d_gorkha
		c_doti
		c_jumla
		c_lumbini
		c_mustang
		c_pokhara

		# d_kathmandu
		c_janakpur
		c_kathmandu
		c_limbuwan

		## k_xixia
		# d_nagormo
		c_nagormo
		c_lenghu
		c_qaidam
		c_tanggula

		# d_nangqen
		c_lingtsang
		c_nangqen
		c_zadoi

		# d_qinghai
		c_delingha
		c_dulan
		c_fuqi

		## k_yarlung
		# d_bhutan
		c_bumthang
		c_paro

		# d_lhasa
		c_lhasa
		c_lhunzhub
		c_kunggar

		# d_nagchu
		c_nagchu
		c_nyima
		c_xainza

		# d_shigatse
		c_gyesar
		c_gyantse
		c_lhatse
		c_mangyul
		c_sakya
		c_shigatse

		# d_sumparu
		c_amdo
		c_arjin
		c_samtho
		c_qangtang

		# d_yarlung
		c_lhunze
		c_nedong
		c_taktse
	}
}

# INDIA
world_india_bengal = {
	counties = {
		## k_bengal
		# d_gauda
		c_gauda
		c_radha
		c_laksmanavati
		c_kotivarsa

		# d_nadia
		c_nabadwipa
		c_saptagrama
		c_vijayapura

		# d_suhma
		c_mallabhum
		c_midnapore
		c_tamralipti

		# d_vanga
		c_bikrampur
		c_candradvipa
		c_karmanta
		c_kumara_mandala
		c_samatata

		# d_varendra
		c_madhupur
		c_pundravardhana
		c_suvarnagram

		## k_bihar
		# d_kasi
		c_chunar
		c_jaunpur
		c_varanasi

		# d_jharkand
		c_damin_i_koh
		c_jharkand
		c_munda
		c_rajrappa
		c_rothas

		# d_magadha
		c_gaya
		c_magadha
		c_mudgagiri
		c_sasaram

		# d_tirabhukti
		c_kusinagara
		c_mithila
		c_simaramapura

		## k_gondwana
		# d_dahala
		c_chauragarh
		c_tripuri

		# d_ratanpur
		c_bandhugadha
		c_ratanpur
		c_tummana

		## k_kamarupa
		# d_kamarupanagara
		c_kamarupanagara
		c_kamatapur
		c_sikkim

		# d_para_lauhitya
		c_dimapur
		c_goalpara
		c_srihatta

		# d_sutiya
		c_haruppeswara
		c_kundina
		c_lhoyu
		c_monyul

		## k_orissa
		# d_dandakaranya
		c_barasuru
		c_cakrakuta
		c_nandapur

		# d_daksina_kosala
		c_kiranapura
		c_rayapura
		c_sambalpur
		c_sripuri
		c_suvarnapura

		# d_kalinga
		c_kalinganagar
		c_puri
		c_swetaka_mandala
		c_vizagipatam

		# d_tosali
		c_kataka
		c_khijjingakota
		c_khinjali_mandala
		c_kodalaka_mandala
		c_viraja
	}
}

world_india_deccan = {
	counties = {
		## k_andhra
		# d_udayagiri
		c_amaravati
		c_nellore
		c_penugonda
		c_udayagiri

		# d_vengi
		c_pithapuram
		c_rajamahendravaram
		c_vengipura
		c_vijayawada

		## k_karnata
		# d_gangavadi
		c_srirangapatna
		c_talakad
		c_manyapura
		c_nandagiri

		# d_kalyani
		c_bidar
		c_kalyani
		c_manyakheta
		c_sagar

		# d_nulambavadi
		c_uchangidurga
		c_dwarasamudra
		c_alampur

		# d_raichur_doab
		c_banavasi
		c_idatarainadu
		c_kudalasangama
		c_vatapi

		## k_maharastra
		# d_devagiri
		c_devagiri
		c_pratishthana
		c_vatsagulma
		c_nanded
		c_parnakheta

		# d_konkana
		c_goa
		c_honnore
		c_thana

		# d_nasikya
		c_kondana
		c_nandurbar
		c_nasikya

		# d_rattapadi
		c_kolhapur
		c_lattalura
		c_naldurg
		c_taradavadi

		# d_vidharba
		c_acalapura
		c_canda
		c_kherla
		c_ramagiri
		c_vairagara

		## k_tamilakam
		# d_chola_nadu
		c_cholamandalam
		c_tagadur

		# d_chera_nadu
		c_kanara
		c_mahoyadapuram
		c_maldives
		c_qalqut
		c_venadu

		# d_pandya_nadu
		c_madurai
		c_kongu
		c_tenkasi
		c_tirunelveli

		# d_tondai_nadu
		c_kanchipuram
		c_potapi

		## k_telingana
		# d_racakonda
		c_nilagiri
		c_kollipake
		c_medak
		c_pannagallu
		c_racakonda

		# d_warangal
		c_orangallu
		c_kambampet
		c_vemulavada
		c_balkonda

		## k_lanka
		# d_lanka
		c_dakhina_desa
		c_rohana

		# d_sinhala
		c_kotthasara
		c_nagadipa
		c_phiti
	}
}

world_india_rajastan = {
	counties = {
		## k_delhi
		# d_kuru
		c_delhi
		c_hastinapura
		c_sthanisvara

		# d_haritanaka
		c_hisar
		c_sarasvati
		c_tribandapura

		# d_mathura
		c_kol
		c_mathura
		c_sripatha

		# d_vodamayutja
		c_katehar
		c_sambhal
		c_vodamayutja

		## k_gujarat
		# d_anartta
		c_dhamalpur
		c_dvaraka
		c_kutch

		# d_gurjara_mandala
		c_khetaka
		c_mohadavasaka
		c_sarasvata_mandala

		# d_lata
		c_daman
		c_navasarika
		c_vadodara

		# d_saurashtra
		c_bhumilka
		c_somnath
		c_vardhamana
		c_valabhi

		## k_kosala
		# d_jejakabhukti
		c_damoh
		c_gurgi
		c_mahoba
		c_kalanjara

		# d_kanyakubja
		c_asni
		c_bharauli
		c_kalpi
		c_kanyakubja
		c_lakhnau
		c_prayaga

		# d_saryupara
		c_ayodhya
		c_naimisa
		c_sravasti

		## k_malwa
		# d_akara_dasarna
		c_candhoba
		c_chanderi
		c_sarangpur
		c_vidisa

		# d_anupa
		c_asirgarh
		c_burhanpur
		c_mandapika
		c_thalner

		# d_dadhipadra
		c_dadhipadra
		c_dasapura
		c_dhara
		c_ujjayini

		## k_punjab
		# d_gandhara
		c_udabhanda
		c_purushapura
		c_nandana
		c_bannu

		# d_lahore
		c_dipalpur
		c_bhera
		c_lahur
		c_shorkot

		# d_multan
		c_kafirkot
		c_karor
		c_karur
		c_multan
		c_uch
		c_wana

		# d_trigarta
		c_trigarta
		c_sakala
		c_gurjaratra

		## k_rajputana
		# d_ajmer
		c_ajayameru
		c_gwalior
		c_ranthambore
		c_vairata

		# d_jangladesh
		c_nagauda
		c_reni
		c_vikramapura

		# d_maru
		c_godwad
		c_mandavyapura
		c_medantaka

		# d_medapata
		c_chitrakut
		c_kota
		c_medapata

		# d_stravani
		c_ludrava
		c_satyapura
		c_vijnot

		## k_sindh
		# d_bhakkar
		c_aror
		c_bhakkar
		c_kandail
		c_quzdar
		c_rajanpur
		c_sibi

		# d_sauvira
		c_debul
		c_mansura
		c_ranikot
		c_siwistan
		c_sonda
	}
}

world_india = {
	inclusive = yes

	regions = {
		world_india_bengal
		world_india_deccan
		world_india_rajastan
	}
}

# THE STEPPE
world_steppe_tarim = {
	counties = {
		## k_khotan
		# d_karashar
		c_kara_khoja
		c_karashar
		c_kubera
		c_kucha
		c_luntai
		c_mingoi

		# d_kashgar
		c_aksu
		c_artux
		c_kashgar
		c_uchturpan
		c_yopurga

		# d_khotan
		c_cherchen
		c_cadota
		c_karghalik
		c_keriya
		c_khotan
		c_yarkand

		# d_kumul
		c_charkliq
		c_kumtag
		c_kumul
		c_loulan
		c_lopnor
		c_yuni
	}
}

world_steppe_west = {
	counties = {
		## k_alania
		# d_alania
		c_alania
		c_kasogs
		c_yegorlyk

		# d_azov
		c_kuban
		c_sarpa
		c_tana

		# d_caspian_steppe
		c_kalaus
		c_kuma
		c_manych
		c_terek

		## k_crimea
		# d_cherson
		c_cherson
		c_korchev
		c_theodosia
		c_tmutarakan

		# d_crimea
		c_crimea
		c_lower_dniepr
		c_lower_don
		c_lukomorie

		# d_wild_fields			# Etelköz
		c_bratslav
		c_korsun
		c_odessa
		c_oleshye
		c_olvia
		c_vinnytsia

		## k_cuman
		# d_ishim
		c_ishim
		c_kipchak
		c_seletyteniz

		# d_irtysh
		c_kimak

		# d_kazakh
		c_balkhash
		c_betpaqdala
		c_kazakh
		c_qarazhyrya
		c_sarysu

		# d_turgay
		c_boqtybay
		c_irgiz
		c_turgay

		# d_ubagan
		c_kartaly
		c_ubagan

		# d_yaik
		c_magnitaya
		c_or
		c_yaik

		## k_khazaria
		# d_aqtobe
		c_aqtobe
		c_inder
		c_mughalzhar
		c_utva

		# d_atyrau
		c_guryev
		c_ryn

		# d_bandja
		c_pecheneg
		c_uvek

		# d_itil
		c_itil
		c_saqsin
		c_saray
		c_uzens
		c_yeruslan

		# d_sakmara
		c_irtek
		c_sakmara

		# d_sarkel
		c_chortitza
		c_desht-i-kipchak
		c_don_portage
		c_sarkel
		c_sharukan
		c_sugrov

		## k_nenets
		# d_pechora
		c_koshma
		c_tobysh
		c_tsilma

		# d_zavarot
		c_kolguyev
		c_soyma
		c_zavarot

		## k_perm minus Ustug
		# d_bashkirs
		c_bashkirs
		c_belaya

		# d_komi
		c_izhma
		c_kozhva
		c_lyzha
		c_severnaya
		c_vel

		# d_perm
		c_kolva
		c_komi
		c_kudymkar
		c_perm
		c_tynea
		c_udmurts

		# d_ural
		c_thisageta
		c_ural
		c_vishera

		# d_votyaki
		c_votyaki
		c_keltma

		# d_zyriane
		c_vychegda
		c_yolva
		c_sedyu

		## k_sibir
		# d_om
		c_narim
		c_om
		c_tara

		# d_sibir
		c_osha
		c_sibir
		c_tura
		c_vagay

		# d_tobol
		c_miass
		c_tavda
		c_tobol
		c_tyumen

		# d_vasyugan
		c_bolshoy
		c_shish
		c_tui
		c_vasyugan

		# d_yugra
		c_khantia
		c_mansia
		c_yamalia

		## k_volga_bulgaria
		# d_bulgar				# Bolghar
		c_ashli
		c_bilyar
		c_bulgar
		c_naberezhnye
		c_syrt

		# d_cheremisa
		c_chuvash
		c_grassland_cheremisa	# Kerzhenets
		c_mountain_cheremisa	# Cheremisa

		# d_kazan				# Qazan
		c_alabuga
		c_khlynov
		c_kremenchuk
		c_qazan
		c_vetluga

		# d_maris				# Mari
		c_galich_mersky
		c_hlynov
		c_merya

		# d_mordvins			# Mordva
		c_burtasy
		c_khopyor
		c_mordva

		## k_turkestan
		# d_emba
		c_emba
		c_kangly

		# d_syr_darya
		c_chach
		c_otrar
		c_syr_darya
		c_yangikent

		# d_turkestan			# Aral
		c_aral
		c_turkestan

		# d_usturt
		c_buzachi
		c_mangyshlak
		c_kara_bogaz
		c_kusbulak
		c_usturt
	}
}

world_steppe_east = {
	counties = {
		## k_mongolia
		# d_abakan
		c_abakan
		c_erchis
		c_kuznetsk
		c_tom

		# d_altay
		c_belukha
		c_khuiten
		c_markakol
		c_monkh_khairkhan
		c_muztau

		# d_barkul
		c_aj_bogd
		c_barkul

		# d_baygal
		c_baygal
		c_chikoi
		c_khilok
		c_selenge
		c_uda

		# d_beshbaliq
		c_altay
		c_beshbaliq
		c_dunkheger

		# d_gobi_altay
		c_khasagt_khairkhan
		c_khokh_serkh
		c_sutai
		c_tsagaannuur

		# d_ikh_bogd
		c_burkhan_buudai
		c_gurvan_saikhan
		c_delgerkhangai
		c_ikh_bogd

		# d_juyan
		c_ejin
		c_juyan

		# d_kara_khorum
		c_kara_khorum
		c_orkhon
		c_tuul

		# d_khangai
		c_khangai
		c_otgontenger
		c_suvraga_khairkhan
		c_tarvagatai
		c_terkhiin_tsagaan

		# d_otuken
		c_eastern_sayan
		c_egiin
		c_gorgol
		c_khovsgol
		c_otuken

		# d_uvs
		c_kharkhiraa
		c_kyzyl
		c_tannu_ola
		c_tsambagarav
		c_uvs

		## k_xixia
		# d_jiuquan
		c_anxi
		c_dunhuang
		c_jiuquan
		c_yumen
		c_yungguan

		## k_cuman
		# d_irtysh
		c_kirghiz

		# d_ob
		c_buqtirma
		c_katun
		c_ket
		c_ob
		c_zaysan

		# d_tarbagatai
		c_aylik
		c_saur
		c_tarbagatai
		c_urzhar

		## k_zhetysu
		# d_chuy
		c_barskhan
		c_chuy
		c_talas

		# d_ili
		c_almaliq
		c_ili
		c_qayaliq

		# d_zhetysu
		c_zhetysu
		c_almaty
		c_karluk
	}
}

world_steppe = {
	inclusive = yes

	regions = {
		world_steppe_west
		world_steppe_east
		world_steppe_tarim
	}
}

world_asia = {
	regions = {
		world_himalayas
		world_india
		world_steppe
	}
}

## EUROPE
# EASTERN EUROPE
world_europe_east_baltic = { # NEW
	counties = {
		# Wendish minus Pomerania and Bohemia

		## k_estonia
		# d_esthonia
		c_livs
		c_narva
		c_osel
		c_reval

		# d_sakala
		c_dorpat
		c_jarva
		c_lettigalians

		## k_lithuania
		# d_courland
		c_kurs
		c_vanema

		# d_latgale
		c_jersika
		c_selija
		c_talava
		c_west_dvina

		# d_lithuanians
		c_aukshayts
		c_deltuva
		c_nalsia
		c_yatvyagi

		# d_livonia
		c_riga
		c_tukums
		c_zemigalians

		# d_prussia
		c_chelminskie
		c_galindia
		c_marienburg
		c_sambia
		c_zhmud

		# d_samogitia
		c_memel
		c_scalovia

		# d_yatviags
		c_jacwiez
		c_sudovia

		## k_poland
		# d_greater_poland
		c_gnieznienskie
		c_kaliskie
		c_lubusz
		c_poznanskie

		# d_kuyavia
		c_dobrzynska
		c_kujawy
		c_sieradzka
		c_wielunska

		# d_lesser_poland
		c_krakowskie
		c_lubelska
		c_sacz
		c_sandomierskie
		c_stezycka

		# d_mazovia
		c_plock
		c_czersk
		c_lomzynska
		c_sieradzko-leczyckie

		# d_silesia
		c_cieszyn
		c_lower_silesia
		c_upper_silesia
		c_opole
	}
}

world_europe_east_pannonia = { # NEW
	# Pannonian Plain

	counties = {
		## k_dacia				# Wallachia
		# d_bessarabia
		c_belgorod
		c_birlad
		c_chilia
		c_galaz

		# d_moldau
		c_torki					# Suceava
		c_bacau
		c_iasi
		c_peresechen

		# d_oltenia
		c_craiova
		c_severin
		c_targu_jiu

		# d_wallachia			# Muntenia
		c_calarasi
		c_campulung
		c_tirgoviste
		c_turnu

		## k_hungary
		# d_esztergom
		c_esztergom
		c_pressburg
		c_sopron

		# d_nyitra
		c_gemer
		c_nitra
		c_orava
		c_trencin

		# d_pecs
		c_fejer
		c_pecs
		c_szekezfehervar
		c_vas

		# d_pest
		c_csanad
		c_heves
		c_pest

		# d_temes
		c_bacs
		c_temes

		# d_transylvania
		c_szekelyfold
		c_bihar
		c_feher

		# d_ungvar
		c_saris
		c_bereg
		c_abauj
		c_marmaros
	}
}

world_europe_east_russia = { # NEW
	counties = {
		## k_chernigov
		# d_chernigov
		c_chernigov
		c_lyubech
		c_novgorod_seversky
		c_starodub

		# d_karachev
		c_karachev
		c_kozelsk

		# d_murom
		c_murom
		c_orekhovo-zouievo

		# d_novgorod-seversk 	# Byansk
		c_bryansk
		c_kromy
		c_kursk
		c_rylsk

		# d_novosil
		c_novosil
		c_serpukhov
		c_vorotynsk

		# d_ryazan
		c_kolomna
		c_ryazan
		c_yelets

		## k_galicia-volhynia
		# d_cherven_cities
		c_belz
		c_cherven
		c_peremyshl

		# d_galich
		c_galich
		c_terebovl
		c_ushytsia
		c_zaslav
		c_zvenyhorod

		# d_volhynia
		c_beresty
		c_lutsk
		c_podlasie
		c_vladimir_volynsky

		## k_rus 				# Novgorod
		# d_beloozero			# Veps
		c_bezichy
		c_chlisselbourg
		c_tikhvine
		c_torzhok
		c_zaozerye

		# d_novgorod
		c_bezhetsky_verh		# Ladoga
		c_borovichi
		c_kholm
		c_novgorod
		c_rusa

		# d_pskov
		c_gdov
		c_izborsk
		c_pskov
		c_velikiye_luki
		c_vodi

		## k_ruthenia
		# d_kiev
		c_kiev
		c_korosten
		c_medjybij
		c_vozviahel

		# d_minsk
		c_drutsk
		c_minsk
		c_novogrodek

		# d_pereyaslavl
		c_hradyzk
		c_pereyaslavl
		c_priluk
		c_voin

		# d_polotsk
		c_lepiel
		c_orsha
		c_polotsk
		c_vitebsk

		# d_smolensk
		c_mstislavl
		c_roslavl
		c_smolensk
		c_toropets
		c_vyazma

		# d_turov
		c_pinsk
		c_slutsk
		c_turov
		c_volkovysk

		## k_vladimir
		# d_moskva
		c_moskva
		c_naro-fominsk

		# d_rostov
		c_beloozero
		c_rostov
		c_uglich
		c_yaroslavl

		# d_tver
		c_kashin
		c_mozhaysk
		c_tver
		c_rzheva
		c_zoubtsov

		# d_vladimir
		c_gorodez
		c_nizhny_novgorod
		c_pereyaslavl_zalessky
		c_suzdal
		c_vladimir
		c_yuryev

		# d_yaroslavl 			# Vologda
		c_chud
		c_kostroma
		c_vologda
	}
}

world_europe_east_timan_ridge = { # NEW
	counties = {
		## k_nenets
		# d_bjarmia
		c_bjarmia
		c_north_dvina
		c_onega_peninsula
		c_pinega

		# d_hlynov				# Ugra
		c_syrj
		c_vashka
		c_velsk
		c_yezhuga

		## k_perm
		# d_kargopol
		c_kargopol
		c_romny
		c_trans-portage

		# d_samoyed
		c_kanin
		c_mezen
		c_samoyeds
		c_ugra

		# d_ustug
		c_bolshaya
		c_syktyvkar
		c_veliky_ustug
		c_zyriane
	}
}

world_europe_east = {
	regions = {
		world_europe_east_baltic
		world_europe_east_pannonia
		world_europe_east_russia
		world_europe_east_timan_ridge
	}
}

# NORTHERN EUROPE
world_europe_north_danish_archipelago = { # NEW
	counties = {
		## k_denmark
		# d_sjaelland
		c_fyn
		c_lolland
		c_sjaelland
	}
}

world_europe_north_fennoscandia = { # NEW
	counties = {
		## k_denmark
		# d_skane
		c_blekinge
		c_bornholm
		c_halland
		c_skane

		## k_finland minus Estonia
		# d_finland
		c_nyland
		c_finland
		c_tavasts
		c_satakunta
		c_siuntio

		# d_karelia
		c_east_karelia
		c_karelen
		c_kexholm
		c_onega
		c_sortavala

		# d_ostrobothnia
		c_osterbotten
		c_oulu
		c_kajaani

		# d_savonia
		c_joensuu
		c_kuopio
		c_laukaa
		c_savolaks

		## k_norway
		# d_agder
		c_agder
		c_rogaland
		c_telemark

		# d_jamtland
		c_herjedalen
		c_jamtland

		# d_oppland
		c_hedmark
		c_gudbrandsdal
		c_oppland

		# d_ostlandet
		c_akershus
		c_vestfold
		c_viken

		# d_trondelag
		c_halogaland
		c_naumadal
		c_trondelag

		# d_vestlandet
		c_bergenshus
		c_forde
		c_romsdal
		c_sogn
		c_sunnmore

		## k_sapmi
		# d_finnmark
		c_finnmark
		c_nordland

		# d_kola
		c_kandalax
		c_kemi
		c_kola
		c_rovaniemi

		# d_sapmi
		c_lappland
		c_vasterbotten

		## k_sweden
		# d_bergslagen
		c_dalarna
		c_varmland
		c_vastmanland

		# d_gotland
		c_gotland

		# d_norrland
		c_angermanland
		c_halsingland
		c_medelpad

		# d_ostergotland
		c_kinda
		c_ostergotland
		c_vista

		# d_smaland
		c_more
		c_oland
		c_sevede
		c_tjust

		# d_tioharad
		c_finnveden
		c_njudung
		c_smaland

		# d_uppland
		c_aland
		c_gastrikland
		c_sodermanland
		c_uppland

		# d_vastergotland
		c_dal
		c_narke
		c_skara
		c_vastergotland
	}
}

world_europe_north_jutland = { # NEW
	counties = {
		## k_denmark
		# d_holstein
		c_dithmarschen
		c_holstein
		c_slesvig

		# d_slesvig
		c_abosyssel
		c_hardsyssel
		c_jylland
		c_himmersyssel
	}
}

world_europe_north_sea = { # NEW
	counties = {
		## k_norway
		# d_iceland
		c_austisland
		c_nordlendingafjordungur
		c_sunnlendingafjordungur
		c_vestisland

		# d_orkney minus Shetland
		c_faereyar
		c_shetland
	}
}

world_europe_north = {
	regions = {
		world_europe_north_danish_archipelago
		world_europe_north_fennoscandia
		world_europe_north_jutland
		world_europe_north_sea
	}
}

# SOUTHERN EUROPE
world_europe_south_east = {
	# Bulgaria, Croatia, Epirus, Greece, Serbia, and half of Thrace
	counties = {
		## k_byzantium
		# d_achaia
		c_achaia
		c_korinthos
		c_methone
		c_monemvasia

		# d_aegean_islands
		c_euboia
		c_naxos

		# d_athens			# Hellas
		c_atheniai
		c_demetrias
		c_hellas
		c_thessalia

		# d_krete
		c_chandax
		c_kaneia

		# d_thessalonika
		c_chalkidike
		c_seres
		c_thessalonike

		## k_bulgaria
		# d_karvuna
		c_constantia
		c_karvuna
		c_mesembria

		# d_strymon
		c_strymon
		c_astibus

		# d_turnovo			# Moesia
		c_dorostotum
		c_tyrnovo
		c_serdica
		c_nikopolis

		# d_vidin			# Bononia
		c_naissus
		c_vidin

		## k_croatia
		# d_bosnia
		c_bilino_polje
		c_rama
		c_soli
		c_usora

		# d_croatia
		c_senj
		c_split
		c_veglia
		c_zadar

		# d_dalmatia		# Hum
		c_imotski
		c_zachlumia

		# d_slavonia
		c_krizevci
		c_varadzin
		c_zagreb

		# d_syrmia
		c_syrmia
		c_vukovar

		## k_epirus
		# d_cephalonia
		c_cephalonia
		c_corfu
		c_zakynthos

		# d_dyrrachion
		c_aulon
		c_dyrrachion

		# d_epirus
		c_arta
		c_epeiros
		c_naupactus

		# d_ohrid			# Lychnidos
		c_kastoria
		c_lyncestis
		c_ochrid

		## k_serbia
		# d_dioclea
		c_ragusa
		c_travunia
		c_zeta

		# d_rashka
		c_belgrade
		c_hum
		c_onogost
		c_rashka

		## k_thrace
		# d_adrianopolis
		c_adrianopolis
		c_maroneia
		c_philippopolis
		c_traianopolis

		# d_thrace
		c_byzantion
		c_kaliopolis
		c_thrake
	}
}

world_europe_south_italy = {
	counties = {
		## k_bavaria
		# d_tyrol minus Innsbruck, Tirol
		c_bolzano
		c_trent

		## k_burgundy
		# d_provence
		c_nice

		## k_carinthia
		# d_carinthia
		c_friesach
		c_karnten

		# d_carniola
		c_istria
		c_krain
		c_pettau

		# d_friuli
		c_aquileia
		c_treviso
		c_udine

		## k_italy
		# d_genoa
		c_genoa
		c_noli

		# d_lombardia
		c_brescia
		c_como
		c_cremona
		c_leventina
		c_lombardia
		c_pavia

		# d_modena
		c_modena
		c_parma

		# d_pisa
		c_piombino
		c_pisa

		# d_susa
		c_ivrea
		c_monferrato
		c_piemonte
		c_saluzzo

		# d_toscana
		c_arezzo
		c_firenze
		c_lucca
		c_siena

		# d_verona
		c_mantua
		c_padova
		c_verona

		## k_papacy (Papal State)
		# d_ancona
		c_ancona
		c_rimini
		c_urbino

		# d_ferrara
		c_bologna
		c_ferrara
		c_ravenna

		# d_latium
		c_orbetello
		c_orvieto
		c_roma

		# d_spoleto
		c_perugia
		c_spoleto

		## k_sicily
		# d_abruzzo
		c_aprutium
		c_chieti

		# d_apulia
		c_apulia
		c_bari
		c_lecce

		# d_benevento
		c_benevento
		c_foggia

		# d_calabria
		c_catanzaro
		c_consenza
		c_reggio

		# d_capua
		c_capua
		c_napoli

		# d_salerno
		c_amalfi
		c_salerno
		c_taranto

		## k_venice
		# d_venice
		c_venezia
	}
}

world_europe_south_sardinia_corsica = { # NEW
	counties = {
		## k_sardinia
		# d_corsica
		c_cinarca
		c_corsica

		# d_sardinia
		c_arborea
		c_cagliari
		c_gallura
		c_ogliastra
		c_torres
	}
}

world_europe_south_sicily = { # NEW
	counties = {
		## k_sicily
		# d_sicily
		c_agrigento
		c_malta
		c_messina
		c_palermo
		c_siracusa
		c_trapani
	}
}

world_europe_south = {
	regions = {
		world_europe_south_east
		world_europe_south_sardinia_corsica
		world_europe_south_sicily
		world_europe_south_italy
	}
}

# WESTERN EUROPE
world_europe_west_britain = { # NEW
	counties = {
		## k_england
		# d_bedford					# Essex
		c_bedford
		c_essex
		c_middlesex
		c_northampton

		# d_canterbury				# Sussex
		c_kent
		c_surrey
		c_sussex

		# d_cumbria
		c_cumberland
		c_westmorland

		# d_gloucester				# Hwicce
		c_gloucester
		c_oxford
		c_wiltshire

		# d_hampshire minus Wight
		c_dorset
		c_winchester

		# d_hereford				# Mercia
		c_leicester
		c_lincoln
		c_warwick
		c_worcester

		# d_lancaster
		c_chester
		c_derby
		c_lancaster

		# d_norfolk
		c_norfolk
		c_suffolk

		# d_northumberland
		c_durham
		c_lindisfarne
		c_northumberland

		# d_somerset
		c_bath
		c_somerset

		# d_york
		c_hull
		c_leeds
		c_yoredale
		c_york

		## k_scotland
		# d_albany
		c_atholl
		c_fife
		c_gowrie
		c_strathearn

		# d_galloway
		c_carrick
		c_clydesdale
		c_galloway

		# d_lothian
		c_lothian
		c_dunbar
		c_teviotdale

		# d_moray
		c_buchan
		c_caithness
		c_moray
		c_ross

		# d_western_isles minus Innse Gall, Iona
		c_argyll

		## k_wales
		# d_cornwall
		c_cornwall
		c_devon

		# d_deheubarth
		c_ceredigion
		c_dyfed
		c_gower

		# d_gwent
		c_brycheiniog
		c_glamorgan
		c_gwent

		# d_gwynedd minus Anglesey
		c_gwynedd
		c_perfeddwlad

		# d_powys
		c_builth
		c_hereford
		c_powys
		c_shrewsbury
	}
}

world_europe_west_ireland = { # NEW
	counties = {
		## k_ireland
		# d_connacht
		c_breifne
		c_connacht
		c_hy_many
		c_ui_fiachrach

		# d_leinster
		c_leinster
		c_leix
		c_ossory

		# d_meath
		c_dublin
		c_kildare
		c_meath
		c_westmeath

		# d_munster
		c_desmond
		c_iarmond
		c_ormond
		c_thomond

		# d_ulster
		c_oriel
		c_tyrconnell
		c_tyrone
		c_ulster
	}
}

world_europe_west_british_isles = { # NEW
	regions = {
		world_europe_west_britain
		world_europe_west_ireland
	}

	# The below are not part of Britain or Ireland but are part of the British Archipelago
	counties = {
		## k_england
		# d_hampshire
		c_wight

		## k_norway
		# d_orkney
		c_orkney

		## k_scotland
		# d_western_isles minus Argyll
		c_innse_gall
		c_iona

		# d_the_isles
		c_isle_of_man

		## k_wales
		# d_gwynedd
		c_anglesey
	}
}
world_europe_west_gaul = { # NEW
	counties = {
		## k_aquitaine
		# d_aquitaine
		c_agen
		c_angouleme
		c_bordeaux
		c_perigord

		# d_auvergne
		c_aurillac
		c_auvergne
		c_gevaudan

		# d_bourbon
		c_bourbon
		c_la_marche
		c_limousin

		# d_gascogne
		c_albret
		c_armagnac
		c_bearn
		c_labourd

		# d_poitou
		c_lusignan
		c_poitiers
		c_thouars

		# d_toulouse
		c_carcassonne
		c_foix
		c_montpellier
		c_narbonne
		c_rouergue
		c_toulouse

		## k_brittany
		# d_brittany
		c_cornouaille
		c_french_leon
		c_poher
		c_vannes

		# d_loire
		c_nantes
		c_rennes
		c_retz

		# d_penthievre
		c_penthievre
		c_tregor

		## k_burgundy
		# d_dauphine
		c_dauphine_viennois
		c_forez
		c_lyon
		c_viviers

		# d_franche_comte
		c_amous
		c_besancon
		c_escuens
		c_montbeliard
		c_vesoul

		# d_provence minus Nice
		c_forcalquier
		c_provence
		c_venaissin

		## k_france
		# d_anjou
		c_anjou
		c_maine
		c_perche
		c_saumur
		c_vendome

		# d_berry
		c_bourges
		c_sancerre
		c_tourraine

		# d_burgundy			# Lower Burgundy
		c_auxerre
		c_chalons
		c_charolais
		c_dijon
		c_macon
		c_nevers

		# d_champagne
		c_brie
		c_reims
		c_troyes

		# d_flanders
		c_artois
		c_boulogne
		c_brugge
		c_gent
		c_guines
		c_yperen

		# d_normandy
		c_arques				# Rouen
		c_avranches
		c_caen
		c_eu
		c_evreux
		c_vexin

		# d_orleans
		c_blois
		c_chartres
		c_dunois

		# d_picardie
		c_amiens
		c_clermont
		c_ponthieu
		c_vermandois

		# d_valois
		c_ile_de_france
		c_orleans
		c_sens
		c_senlis

		## k_lotharingia
		# d_brabant
		c_brabant
		c_breda
		c_hainaut
	}
}

world_europe_west_germania = {
	counties = {
		## k_bavaria
		# d_bavaria
		c_niederbayern
		c_oberbayern
		c_passau
		c_regensburg

		# d_nordgau
		c_eichstadt
		c_nurnberg

		# d_osterreich
		c_freistadt
		c_krems
		c_medelike
		c_osterreich
		c_steiermark
		c_traungau

		# d_salzburg
		c_pongau
		c_salzburg

		# d_styria
		c_graz
		c_leoben
		c_pitten

		# d_tyrol minus Bolzano, Trent
		c_innsbruck
		c_tirol

		## k_bohemia
		# d_bohemia
		c_domazlice
		c_hradec
		c_litomerice
		c_plzen
		c_praha
		c_zatec

		# d_moravia
		c_brno
		c_olomouc
		c_opava
		c_znojmo

		## k_burgundy
		# d_savoie
		c_aosta
		c_geneve
		c_savoie
		c_valais

		# d_upper_burgundy
		c_aargau
		c_bern
		c_neuchatel
		c_vaud

		## k_frisia
		# d_gelre
		c_frisia
		c_gelre
		c_ostfriesland
		c_overijssel

		# d_holland
		c_holland
		c_sticht
		c_westfriesland
		c_zeeland

		## k_germany
		# d_alsace
		c_nordgau
		c_sundgau

		# d_baden
		c_baden
		c_breisgau

		# d_franconia
		c_bamberg
		c_leiningen
		c_rottenburg
		c_wurzburg

		# d_hesse
		c_hesse
		c_frankfurt
		c_nassau

		# d_raetia
		c_chur
		c_schwyz

		# d_rhine
		c_mainz
		c_pfalz

		# d_swabia
		c_furstenberg
		c_kempten
		c_schwaben
		c_ulm
		c_wurttemberg

		# d_thurgau
		c_st_gallen
		c_zurichgau

		# d_thuringia
		c_thuringen
		c_weimar

		## k_lotharingia
		# d_koln
		c_berg
		c_kleve
		c_koln

		# d_lower_lorraine
		c_julich
		c_liege
		c_loon
		c_luxembourg

		# d_trier
		c_metz
		c_saargau
		c_trier

		# d_upper_lorraine
		c_bar
		c_lorraine
		c_saintois
		c_verdun

		## k_pomerania
		# d_brandenburg
		c_brandenburg
		c_havelberg

		# d_lausitz
		c_anhalt
		c_lausitz
		c_plauen

		# d_mecklemburg
		c_hamburg
		c_lubeck
		c_mecklemburg

		# d_meissen
		c_gorlitz
		c_meissen

		# d_pomeralia
		c_bytow
		c_danzig
		c_slupsk

		# d_pommerania
		c_neumark
		c_stettin
		c_wolgast

		# d_rugen
		c_rostock
		c_rugen
		c_werle

		## k_saxony
		# d_angria
		c_minden
		c_oldenburg
		c_osnabruck

		# d_bremen
		c_bremen
		c_celle

		# d_munster_germany
		c_gottingen
		c_munster

		# d_saxony
		c_altmark
		c_braunschweig
		c_luneburg
		c_magdeburg
		c_verden
	}
}

world_europe_west_iberia = {
	counties = {
		## k_andalusia
		# d_cordoba
		c_calatrava
		c_cordoba
		c_jaen
		c_la_mancha

		# d_granada
		c_almeria
		c_granada
		c_malaga

		# d_sevilla
		c_algeciras
		c_aracena
		c_cadiz
		c_huelva
		c_niebla
		c_sevilla

		# d_toledo
		c_alcala
		c_cuenca
		c_molina
		c_toledo

		## k_aragon
		# d_aragon
		c_albarracin
		c_alto_aragon
		c_calatayud
		c_zaragoza

		# d_barcelona
		c_barcelona
		c_empuries
		c_lleida
		c_rosello
		c_tarragona
		c_urgell

		# d_mallorca
		c_mallorca
		c_menorca

		## k_asturias
		# d_asturias
		c_astorga
		c_asturias_de_oviedo

		# d_leon
		c_leon
		c_palencia
		c_salamanca
		c_zamora

		## k_badajoz
		# d_algarve
		c_faro
		c_silves

		# d_badajoz
		c_alcantara
		c_badajoz
		c_caceres
		c_plasencia

		# d_balata
		c_almada
		c_lisboa

		# d_beja
		c_alcacer_do_sal
		c_egitanea
		c_evora
		c_mertola

		## k_castille
		# d_castilla
		c_asturias_de_santillana
		c_burgos
		c_osma
		c_soria
		c_valladolid

		## k_navarra
		# d_navarra
		c_navarra
		c_najera
		c_viscaya

		## k_spanish_galicia
		# d_galicia
		c_coruna
		c_lugo
		c_santiago

		## k_portugal
		# d_porto
		c_braganza
		c_castelo_branco
		c_coimbra
		c_porto

		## k_valencia
		# d_murcia
		c_almansa
		c_murcia

		# d_valencia
		c_castellon
		c_denia
		c_valencia
	}
}

world_europe_west = {
	regions = {
		world_europe_west_british_isles
		world_europe_west_gaul
		world_europe_west_germania
		world_europe_west_iberia
	}
}

world_europe = {
	inclusive = yes

	regions = {
		world_europe_east
		world_europe_north
		world_europe_south
		world_europe_west
	}
}

## MIDDLE EAST
world_middle_east_arabia = {
	counties  = {
		## k_arabia
		# d_amman
		c_al_hasa
		c_bahrein
		c_damman				# Qatif
		c_kuwait
		c_uwal

		# d_arabia_petrae
		c_al_jawf
		c_al_aqabah
		c_hijaz
		c_maan
		c_tabuk

		# d_medina
		c_asir
		c_jeddah
		c_khaybar
		c_mecca
		c_medina
		c_tihama				# Nizwa

		# d_nefoud
		c_dariya
		c_hail
		c_hajr
		c_halaban
		c_rafha

		# d_oman
		c_dhu_zabi				# Julfar
		c_duqm
		c_hajar					# Suhar
		c_muscat

		## k_egypt
		# d_sinai
		c_eilat
		c_el-arish
		c_farama
		c_sinai

		## k_syria (Eastern Part)
		# d_damascus
		c_amman
		c_al_mafraq
		c_az_zarqa
		c_damascus
		c_irbid

		# d_palmyra
		c_druz
		c_palmyra
		c_syria
		c_tadmor

		## k_iraq
		# d_baghdad
		c_al_amarah
		c_al_nadjaf
		c_baghdad
		c_ilam
		c_karbala
		c_kermanshah

		# d_basra
		c_basra
		c_kufa
		c_rummah

		# d_samarra
		c_deir
		c_euphrates
		c_kirkuk

		## k_mesopotamia
		# d_jazira
		c_amida
		c_bira

		# d_mosul
		c_nisibin
		c_mosul
		c_oromieh
		c_sinjar

		# d_mudar
		c_al_bichri
		c_al_jazira
		c_rahbah

		## k_yemen minus Socotra
		# d_hadramut
		c_dhofar
		c_kathiri
		c_mahra

		# d_sanaa
		c_al_ahqaf
		c_najran
		c_sanaa

		# d_taizz
		c_aden
		c_bayda
		c_taizz
		c_zabid
	}
}

world_middle_east_asia_minor = { # NEW
	inclusive = yes

	counties = {
		## k_alania
		# d_derbent
		c_balanjar
		c_derbent
		c_durdzukia
		c_semender

		## k_anatolia minus Cyprus
		# d_anatolia
		c_akroinon
		c_amorion
		c_ikonion

		# d_armenia_minor
		c_adana
		c_lykandos
		c_seleukeia
		c_tarsos
		c_teluch

		# d_bucellarian
		c_ankyra
		c_claudiopolis

		# d_cappadocia
		c_nyssa
		c_tyana

		# d_charsianon
		c_charsianon
		c_kaisereia
		c_galatia

		# d_cibyrrhaeot
		c_attaleia
		c_lykia
		c_rhodos

		# d_nikaea
		c_dorylaion
		c_nikaea
		c_prusa

		# d_samos
		c_chios
		c_ephesos
		c_smyrna

		# d_thracesia
		c_laodikeia
		c_sardis
		c_sozopolis

		## k_armenia
		# d_armenia
		c_ani
		c_dwin
		c_lori
		c_vaspurakan

		# d_coloneia
		c_koloneia
		c_melitene

		# d_edessa
		c_aintab
		c_edessa
		c_tell_bashir

		# d_mesopotamia
		c_karin
		c_mesopotamia
		c_taron

		## k_georgia
		# d_abkhazia
		c_abkhazia
		c_egrisi

		# d_kakheti
		c_albania
		c_kakheti

		# d_kartli
		c_imeretia
		c_kartli
		c_mtskheta

		# d_tao
		c_guria
		c_klarjeti
		c_tao

		## k_thrace
		# d_abydos
		c_abydos
		c_kyzikos
		c_lesbos

		# d_optimatoi
		c_herakleia
		c_nikomedeia

		## k_trebizond
		# d_armeniacon
		c_amisos
		c_sinope

		# d_paphlagonia
		c_amastris
		c_kastamon
		c_paphlagonia

		# d_trebizond
		c_chaldea
		c_theodosiopolis
		c_trapezous
	}
}

world_middle_east_levant = { # NEW
	counties = {
		## k_jerusalem
		# d_ascalon
		c_ascalon
		c_beersheb
		c_darum
		c_jaffa

		# d_galilee
		c_beirut
		c_safed
		c_tiberias
		c_tyrus

		# d_jerusalem
		c_acre
		c_hebron
		c_jerusalem

		# d_oultrejourdain
		c_kerak
		c_madaba
		c_monreal
		c_negev

		## k_syria (Western Part)
		# d_aleppo
		c_aleppo
		c_asas
		c_hama
		c_homs

		# d_antioch
		c_alexandretta
		c_antiocheia
		c_archa

		# d_tripoli
		c_baalbek
		c_tortosa
		c_tripoli
	}
}

world_middle_east_persia = { # NEW
	inclusive = yes

	counties = {
		# Persia minus Mesopotamia

		## k_daylam
		# d_azerbaijan
		c_azerbaijan
		c_shemakha
		c_shirvan
		c_suenik

		# d_dihistan
		c_dihistan
		c_kara-kum
		c_kyzyl-su

		# d_gilan
		c_daylam
		c_gilan
		c_qazwin

		# d_mazandaran
		c_alamut
		c_gurgan
		c_qwivir
		c_tabaristan

		# d_tabriz
		c_maragha
		c_tabriz

		## k_khorasan
		# d_balkh
		c_balkh
		c_guzgan
		c_maymana

		# d_herat
		c_badghis
		c_herat
		c_kanj_rustaq
		c_mandesh

		# d_khorasan
		c_birjand
		c_nishapur
		c_qohistan
		c_tus

		# d_merv
		c_amol
		c_konjikala
		c_merv
		c_sarakhs

		## k_persia
		# d_fars
		c_fars
		c_hendjan
		c_istakhr
		c_ladistan
		c_shiraz

		# d_jibal
		c_esfahan
		c_hamadan
		c_luristan
		c_qom
		c_rayy
		c_zanjan_abhar

		# d_kerman
		c_bam
		c_hormuz
		c_kerman
		c_sirjan
		c_sistan

		# d_khozistan
		c_avhaz
		c_khozistan
		c_tigris

		# d_kurdistan
		c_kurdistan
		c_shahrazur

		# d_mafaza
		c_lut					# Mafaza
		c_yazd

		## k_baluchistan
		# d_baluchistan
		c_armail
		c_chagai
		c_makran
		c_saravan
		c_tis

		# d_sistan
		c_bost
		c_farrah
		c_zahedan
		c_zaranj

		## k_afghanistan		# Kabulistan
		# d_kabul
		c_bamiyan
		c_kabul
		c_kunduz

		# d_zabulistan
		c_ghazna
		c_kalat
		c_zamindawar

		## k_khiva
		# d_ferghana
		c_fergana
		c_khaylam
		c_khojand

		# d_khiva
		c_dashhowuz
		c_gurganj
		c_khiva
		c_urgench

		# d_khuttal
		c_badakhshan
		c_chaghaniyan
		c_khuttal
		c_vakhan

		# d_samarkand
		c_samarkand
		c_oshrusana
		c_bukhara
		c_nakhshab
	}
}

world_middle_east = {
	inclusive = yes

	regions = {
		world_middle_east_arabia
		world_middle_east_asia_minor
		world_middle_east_levant
		world_middle_east_persia
	}
}

###########################################################################
# Custom Regions
###########################################################################

# Cultural Areas
# TODO: Discover the use for these and either remove them or expand them to cover other cultures/groups
custom_andalusian = {
	counties = {
		## k_andalusia
		# d_cordoba
		c_calatrava
		c_cordoba
		c_jaen
		c_la_mancha

		# d_granada
		c_almeria
		c_granada
		c_malaga

		# d_sevilla
		c_algeciras
		c_aracena
		c_cadiz
		c_huelva
		c_niebla
		c_sevilla

		# d_toledo
		c_alcala
		c_cuenca
		c_molina
		c_toledo

		## k_badajoz
		# d_badajoz
		c_alcantara
		c_badajoz
		c_caceres
		c_plasencia

		## k_valencia
		# d_murcia
		c_almansa
		c_murcia
	}
}

custom_castillian = {
	counties = {
		## k_asturias
		# d_asturias
		c_astorga
		c_asturias_de_oviedo

		# d_leon
		c_leon
		c_palencia
		c_salamanca
		c_zamora

		## k_castille
		# d_castilla
		c_asturias_de_santillana
		c_burgos
		c_osma
		c_soria
		c_valladolid
	}
}

custom_catalan = {
	counties = {
		## k_aragon
		# d_aragon
		c_albarracin
		c_alto_aragon
		c_calatayud
		c_zaragoza

		# d_barcelona
		c_barcelona
		c_empuries
		c_lleida
		c_rosello
		c_tarragona
		c_urgell

		# d_mallorca
		c_mallorca
		c_menorca

		## k_valencia
		# d_valencia
		c_castellon
		c_denia
		c_valencia
	}
}

custom_danish = {
	counties = {
		## k_denmark
		# d_holstein
		c_dithmarschen
		c_holstein
		c_slesvig

		# d_sjaelland
		c_fyn
		c_lolland
		c_sjaelland

		# d_skane
		c_blekinge
		c_bornholm
		c_halland
		c_skane

		# d_slesvig
		c_abosyssel
		c_hardsyssel
		c_himmersyssel
		c_jylland
	}
}

custom_eastern_baltic = {
	counties = {
		## k_estonia
		# d_esthonia
		c_livs
		c_narva
		c_osel
		c_reval

		# d_sakala
		c_dorpat
		c_jarva
		c_lettigalians

		## k_finland
		# d_finland
		c_nyland
		c_finland
		c_tavasts
		c_satakunta
		c_siuntio

		# d_karelia
		c_onega
		c_karelen
		c_kexholm
		c_east_karelia
		c_sortavala

		# d_ostrobothnia
		c_kajaani
		c_oulu
		c_osterbotten

		# d_savonia
		c_savolaks
		c_laukaa
		c_joensuu
		c_kuopio

		## k_sapmi
		# d_kola
		c_kandalax
		c_kemi
		c_kola
		c_rovaniemi

		## k_lithuania
		# d_courland
		c_kurs
		c_vanema

		# d_latgale
		c_jersika
		c_selija
		c_talava
		c_west_dvina

		# d_lithuanians
		c_aukshayts
		c_deltuva
		c_nalsia
		c_yatvyagi
		c_zhmud

		# d_livonia
		c_riga
		c_tukums
		c_zemigalians

		# d_prussia
		c_chelminskie
		c_galindia
		c_marienburg
		c_sambia

		# d_samogitia
		c_memel
		c_scalovia

		# d_yatviags
		c_jacwiez
		c_sudovia

		## k_ruthenia
		# d_polotsk
		c_lepiel
		c_orsha
		c_polotsk
		c_vitebsk
	}
}

custom_frisia = {
	counties = {
		## k_france
		# d_flanders
		c_artois
		c_boulogne
		c_brugge
		c_gent
		c_guines
		c_yperen

		## k_frisia
		# d_gelre
		c_frisia
		c_gelre
		c_ostfriesland
		c_overijssel

		# d_holland
		c_holland
		c_sticht
		c_westfriesland
		c_zeeland

		## k_lotharingia
		# d_brabant
		c_brabant
		c_breda
		c_hainaut
	}
}

custom_norwegian = {
	counties = {
		## k_norway
		# d_agder
		c_agder
		c_rogaland
		c_telemark

		# d_iceland
		c_austisland
		c_nordlendingafjordungur
		c_sunnlendingafjordungur
		c_vestisland

		# d_jamtland
		c_herjedalen
		c_jamtland

		# d_orkney
		c_faereyar
		c_orkney
		c_shetland

		# d_ostlandet
		c_akershus
		c_vestfold
		c_viken

		# d_trondelag
		c_halogaland
		c_naumadal
		c_trondelag

		# d_vestlandet
		c_bergenshus
		c_forde
		c_romsdal
		c_sogn
		c_sunnmore

		## k_sapmi
		# d_finnmark
		c_finnmark
		c_nordland
	}
}

custom_portuguese = {
	counties = {
		## k_spanish_galicia
		# d_galicia
		c_coruna
		c_lugo
		c_santiago

		## k_portugal
		# d_algarve
		c_faro
		c_silves

		# d_beja
		c_alcacer_do_sal
		c_egitanea
		c_evora
		c_mertola

		# d_porto
		c_braganza
		c_castelo_branco
		c_coimbra
		c_porto
	}
}

custom_swedish = {
	counties = {
		## k_sweden
		# d_bergslagen
		c_dalarna
		c_varmland
		c_vastmanland

		# d_gotland
		c_gotland

		# d_norrland
		c_angermanland
		c_halsingland
		c_medelpad

		# d_ostergotland
		c_kinda
		c_ostergotland
		c_vista

		# d_smaland
		c_more
		c_oland
		c_sevede
		c_tjust

		# d_tioharad
		c_finnveden
		c_njudung
		c_smaland

		# d_uppland
		c_aland
		c_gastrikland
		c_sodermanland
		c_uppland

		# d_vastergotland
		c_dal
		c_narke
		c_skara
		c_vastergotland

		## k_sapmi
		# d_sapmi
		c_lappland
		c_vasterbotten
	}
}

# Game Markers
# TODO: Remove these where possible.
custom_historical_plague_free_zone = { # Self Explanatory: Should probably instead be a province flag on the relevent area to allow more flexibility and remove the ability to search for the region
	counties = {
		## k_galicia-volhynia
		# d_cherven_cities
		c_belz
		c_cherven
		c_peremyshl

		# d_volhynia
		c_beresty
		c_lutsk
		c_podlasie
		c_vladimir_volynsky

		## k_italy
		# d_lombardia
		c_brescia
		c_como
		c_cremona
		c_leventina
		c_lombardia
		c_pavia

		## k_poland
		# d_kuyavia
		c_dobrzynska
		c_kujawy
		c_sieradzka
		c_wielunska

		# d_lesser_poland
		c_krakowskie
		c_lubelska
		c_sacz
		c_sandomierskie
		c_stezycka

		# d_mazovia
		c_czersk
		c_lomzynska
		c_plock
		c_sieradzko-leczyckie

		## k_lithuania
		# d_yatviags
		c_jacwiez
		c_sudovia

		## k_ruthenia
		# d_minsk
		c_minsk
		c_drutsk
		c_novogrodek

		# d_turov
		c_pinsk
		c_slutsk
		c_turov
		c_volkovysk

		## k_norway
		# d_iceland
		c_austisland
		c_nordlendingafjordungur
		c_sunnlendingafjordungur
		c_vestisland

		# Various duchies/kingdoms
		c_alto_aragon
		c_armagnac
		c_aukshayts
		c_bearn
		c_chur
		c_faereyar
		c_foix
		c_gnieznienskie
		c_kaliskie
		c_lepiel
		c_orsha
		c_schwyz
		c_urgell
		c_valais
		c_yatvyagi
	}
}

custom_eastern_edge_of_map = { # Self Explanatory. Should probably be replaced if possible
	counties = {
		# Various duchies/kingdoms
		c_chikoi
		c_dege
		c_delgerkhangai
		c_delingha
		c_ejin
		c_fuqi
		c_gurvan_saikhan
		c_jiuquan
		c_khilok
		c_lingtsang
		c_markam
		c_samatata
		c_tuul
		c_uda
	}
}

custom_chinese_invasion_target_region = { # Self Explanatory. Should probably be replaced with a distance check or some other workaround
	counties = {
		## k_andhra
		# d_vengi
		c_pithapuram
		c_rajamahendravaram
		c_vengipura
		c_vijayawada

		# d_udayagiri
		c_amaravati
		c_nellore
		c_penugonda
		c_udayagiri

		## k_lanka
		# d_lanka
		c_dakhina_desa
		c_rohana

		# d_sinhala
		c_kotthasara
		c_nagadipa
		c_phiti

		## k_tamilakam
		# d_chola_nadu
		c_cholamandalam
		c_tagadur

		# d_pandya_nadu
		c_madurai
		c_kongu
		c_tenkasi
		c_tirunelveli

		# d_chera_nadu
		c_kanara
		c_mahoyadapuram
		c_maldives
		c_qalqut
		c_venadu

		# d_tondai_nadu
		c_kanchipuram
		c_potapi
	}

	regions = {
		world_india_bengal
		world_steppe_tarim
		world_steppe_east
		world_himalayas
	}
}

custom_eastern_access = { # Only used for Kowtow. Should be removed in favor of alternate check
	counties = {
		## k_khiva
		# d_ferghana
		c_fergana
		c_khaylam
		c_khojand

		# d_samarkand
		c_bukhara
		c_nakhshab
		c_oshrusana
		c_samarkand

		## k_khotan
		# d_karashar
		c_kara_khoja
		c_karashar
		c_kubera
		c_kucha
		c_luntai
		c_mingoi

		# d_kashgar
		c_aksum
		c_artux
		c_kashgar
		c_uchturpan
		c_yopurga

		# d_khotan
		c_cadota
		c_cherchen
		c_karghalik
		c_keriya
		c_khotan
		c_yarkand

		# d_kumul
		c_charkliq
		c_kumtag
		c_kumul
		c_loulan
		c_lopnor
		c_yuni

		## k_mongolia
		# d_barkul
		c_aj_bogd
		c_barkul

		# d_beshbaliq
		c_altay
		c_beshbaliq
		c_dunkheger

		# d_juyan
		c_ejin
		c_juyan

		## k_turkestan
		# d_syr_darya
		c_chach
		c_otrar
		c_syr_darya
		c_yangikent
	}

	regions = {
		world_himalayas
	}
}

# Spain
# Used for Reconquista CBs
custom_aragon = {
	counties = {
		## k_aragon
		# d_aragon
		c_albarracin
		c_alto_aragon
		c_calatayud
		c_zaragoza

		# d_barcelona
		c_barcelona
		c_empuries
		c_lleida
		c_rosello
		c_tarragona
		c_urgell
	}
}

custom_balearic = {
	counties = {
		## k_aragon
		# d_mallorca
		c_mallorca
		c_menorca
	}
}

custom_beja = {
	counties = {
		## k_badajoz
		# d_algarve
		c_faro
		c_silves

		# d_balata
		c_almada
		c_lisboa

		# d_beja
		c_alcacer_do_sal
		c_egitanea
		c_evora
		c_mertola
	}
}

custom_castille = {
	counties = {
		## k_castille
		# d_castilla
		c_asturias_de_santillana
		c_burgos
		c_osma
		c_soria
		c_valladolid

		# k_andalusia
		# d_toledo
		c_alcala
		c_cuenca
		c_molina
		c_toledo
	}
}

custom_galicia = {
	counties = {
		## k_portugal
		# d_porto
		c_braganza
		c_castelo_branco
		c_coimbra
		c_porto

		## k_spanish_galicia
		# d_galicia
		c_coruna
		c_lugo
		c_santiago
	}
}

custom_cordoba = {
	counties = {
		## k_andalusia
		# d_cordoba
		c_calatrava
		c_cordoba
		c_jaen
		c_la_mancha

		## k_badajoz
		# d_badajoz
		c_alcantara
		c_badajoz
		c_caceres
		c_plasencia
	}
}

custom_granada = {
	counties = {
		# d_granada
		c_almeria
		c_granada
		c_malaga

		# d_sevilla
		c_cadiz
		c_algeciras
		c_aracena
		c_huelva
		c_niebla
		c_sevilla
	}
}

custom_leon = {
	counties = {
		## k_asturias
		# d_asturias
		c_astorga
		c_asturias_de_oviedo

		# d_leon
		c_leon
		c_palencia
		c_salamanca
		c_zamora
	}
}

custom_navarra = {
	counties = {
		## k_navarra
		# d_navarra
		c_najera
		c_navarra
		c_viscaya
	}
}

custom_valencia = {
	counties = {
		## k_valencia
		# d_murcia
		c_almansa
		c_murcia

		# d_valencia
		c_castellon
		c_denia
		c_valencia
	}
}

custom_england = {
	counties = {
		## k_england
		# d_bedford					# Essex
		c_bedford
		c_essex
		c_middlesex
		c_northampton

		# d_canterbury				# Sussex
		c_kent
		c_surrey
		c_sussex

		# d_cumbria
		c_cumberland
		c_westmorland

		# d_gloucester				# Hwicce
		c_gloucester
		c_wiltshire
		c_oxford

		# d_hampshire
		c_dorset
		c_wight
		c_winchester

		# d_hereford				# Mercia
		c_leicester
		c_lincoln
		c_warwick
		c_worcester

		# d_lancaster
		c_chester
		c_derby
		c_lancaster

		# d_norfolk
		c_norfolk
		c_suffolk

		# d_northumberland
		c_durham
		c_lindisfarne
		c_northumberland

		# d_somerset
		c_bath
		c_somerset

		# d_york
		c_hull
		c_leeds
		c_yoredale
		c_york
	}
}

custom_scotland = {
	counties = {
		## k_scotland
		# d_albany
		c_atholl
		c_fife
		c_gowrie
		c_strathearn

		# d_galloway
		c_carrick
		c_clydesdale
		c_galloway

		# d_lothian
		c_dunbar
		c_lothian
		c_teviotdale

		# d_moray
		c_buchan
		c_caithness
		c_moray
		c_ross

		# d_the_isles
		c_isle_of_man

		# d_western_isles
		c_argyll
		c_innse_gall
		c_iona
	}
}

# OBSOLETE
# TODO: Replace instances of old name with new name
world_asia_minor = {
	regions = { world_middle_east_asia_minor }
}

world_europe_west_brittania = {
	regions = { world_europe_west_british_isles }
}

world_europe_west_francia = {
	regions = { world_europe_west_gaul }
}

world_middle_east_jerusalem = {
	regions = { world_middle_east_levant }
}

world_persia = {
	regions = { world_middle_east_persia}
}

custom_russia = {
	regions = { world_europe_east_russia }
}